market,pct,holding,regime,event_n,event_avg_return,event_median_return,event_win_rate,event_avg_mdd,random_n,random_avg_return,random_median_return,random_win_rate,random_avg_mdd,excess_avg_return,excess_win_rate,excess_avg_mdd
SPY,1,1,ALL,56,0.005252226764731164,0.003265238006742832,0.5892857142857143,-0.024538169132293317,56,-0.00019707622925039882,0.0004994650314168458,0.5892857142857143,-0.005999248036945939,0.005449302993981563,0.0,-0.01853892109534738
SPY,1,1,ABOVE,5,0.00434563573749056,0.002684096011488002,0.6,-0.017260551764548993,5,-0.002068252668963222,-0.0016710112892193152,0.2,-0.005919163319101628,0.0064138884064537825,0.39999999999999997,-0.011341388445447364
SPY,1,1,BELOW,51,0.005341108237990047,0.005266434720317292,0.5882352941176471,-0.02525166103109178,51,0.005632627636337374,0.004212788473847429,0.6274509803921569,-0.009990973042875032,-0.000291519398347327,-0.039215686274509776,-0.015260687988216748
SPY,1,3,ALL,56,0.00504453416358686,0.009823861505591225,0.5357142857142857,-0.042683172961776115,56,0.003705969590882499,0.0063370253879394545,0.6785714285714286,-0.00882871318237992,0.001338564572704361,-0.1428571428571429,-0.0338544597793962
SPY,1,3,ABOVE,5,0.0011267470084745268,-0.008886656678071092,0.4,-0.0217575136100423,5,0.005304729878727188,0.007809149243109159,0.8,-0.009285366748954148,-0.004177982870252661,-0.4,-0.012472146861088152
SPY,1,3,BELOW,51,0.005428630943499833,0.014278717770138671,0.5490196078431373,-0.044734708192338254,51,-0.004807775910230956,-0.002891525936227324,0.45098039215686275,-0.025190318031473643,0.01023640685373079,0.09803921568627455,-0.01954439016086461
SPY,1,5,ALL,56,0.008019867568568853,0.011473259314536466,0.5714285714285714,-0.056492263356936946,56,0.004980783728635539,0.004306412987708619,0.6428571428571429,-0.016889310366794023,0.0030390838399333145,-0.07142857142857151,-0.03960295299014292
SPY,1,5,ABOVE,5,0.013840702392769754,0.02077400109935601,0.6,-0.027462664732953355,5,-0.01361589453237908,-0.013050717490756036,0.4,-0.023151817209248395,0.027456596925148832,0.19999999999999996,-0.004310847523704961
SPY,1,5,BELOW,51,0.007449197487764843,0.011461933055896045,0.5686274509803921,-0.05933830243771965,51,0.00887934944495429,0.010832460674671252,0.6666666666666666,-0.0270819721827419,-0.0014301519571894477,-0.0980392156862745,-0.03225633025497775
SPY,1,10,ALL,56,-0.0009228062613748823,0.01015869939106917,0.5535714285714286,-0.07605752009995882,56,0.0041040026746297685,0.004911399806833083,0.6071428571428571,-0.023811819241659322,-0.005026808936004651,-0.05357142857142849,-0.0522457008582995
SPY,1,10,ABOVE,5,0.019208171054783008,0.044087063735645415,0.6,-0.029213451279368318,5,0.017734154682936064,0.01326270738236457,1.0,-0.009581118047522662,0.0014740163718469437,-0.4,-0.019632333231845656
SPY,1,10,BELOW,51,-0.0028964314884491853,0.010083555078741258,0.5490196078431373,-0.0806500758666834,51,0.012633024850107994,0.01775756513074378,0.6078431372549019,-0.030811315937060452,-0.01552945633855718,-0.05882352941176461,-0.049838759929622944
SPY,1,20,ALL,56,0.013911652570129985,0.01930433027214451,0.5714285714285714,-0.09737828204509888,56,0.007765989072412404,0.009875661738177222,0.6607142857142857,-0.02875603694062593,0.006145663497717581,-0.0892857142857143,-0.06862224510447296
SPY,1,20,ABOVE,5,0.03517211687575006,0.04978072755201679,0.8,-0.034760500914019964,5,0.022162393982968175,0.02329431028196738,1.0,-0.020645949629724304,0.013009722892781884,-0.19999999999999996,-0.01411455128429566
SPY,1,20,BELOW,51,0.011827293324480959,0.015860185113953706,0.5490196078431373,-0.10351728019520468,51,0.014272939827115682,0.0225748496046545,0.6078431372549019,-0.051348948390178485,-0.002445646502634723,-0.05882352941176461,-0.05216833180502619
SPY,1,60,ALL,56,0.0534765510295141,0.05591328010098573,0.6428571428571429,-0.12044024842304145,56,0.027113888026600856,0.033449961541780704,0.7678571428571429,-0.05208630162563659,0.02636266300291324,-0.125,-0.06835394679740486
SPY,1,60,ABOVE,5,0.04530934436505105,0.04602314867552315,1.0,-0.034760500914019964,5,0.024431049843891085,-0.000429858928214788,0.4,-0.01770257355590783,0.020878294521159968,0.6,-0.017057927358112134
SPY,1,60,BELOW,51,0.05427725756524577,0.05617611569710923,0.6078431372549019,-0.12884022366902395,51,0.047029924927909576,0.04366138757658544,0.6666666666666666,-0.07209372172787058,0.007247332637336193,-0.05882352941176472,-0.05674650194115337
SPY,5,1,ALL,278,0.001461604635899273,0.0003652298055190073,0.5143884892086331,-0.013980507229472985,278,-0.00023344813918239245,-8.61474532132811e-05,0.4784172661870504,-0.007104854860469678,0.0016950527750816654,0.03597122302158273,-0.006875652369003307
SPY,5,1,ABOVE,93,-0.0009441231628926215,0.0009384957376770142,0.5376344086021505,-0.00910035865679003,93,0.0010479018371900729,0.0008294593353974644,0.5913978494623656,-0.004361471036753386,-0.0019920250000826944,-0.05376344086021512,-0.004738887620036643
SPY,5,1,BELOW,185,0.002670970502318982,7.189814015684526e-05,0.5027027027027027,-0.016433771106551445,185,-0.0009200947667684548,0.0012544970173025138,0.5243243243243243,-0.010724851018486267,0.003591065269087437,-0.021621621621621623,-0.005708920088065178
SPY,5,3,ALL,278,0.0031065267533632404,0.0033442673556548508,0.5431654676258992,-0.0254754921883751,278,0.0002593973499138063,0.0023093924446973,0.579136690647482,-0.013077661576166043,0.002847129403449434,-0.03597122302158273,-0.012397830612209056
SPY,5,3,ABOVE,93,-0.0008663752999337515,0.0007224308950868341,0.5268817204301075,-0.017593787163781623,93,0.0020620473602121795,0.0030052668891322742,0.6666666666666666,-0.009138231913271101,-0.002928422660145931,-0.13978494623655913,-0.008455555250510522
SPY,5,3,BELOW,185,0.005103715353128755,0.005152434466866751,0.5513513513513514,-0.029437646606143706,185,0.0016126757109716616,0.003628167646513969,0.5837837837837838,-0.02179355893352023,0.0034910396421570936,-0.032432432432432434,-0.007644087672623475
SPY,5,5,ALL,278,0.004208681618889231,0.005552487582759724,0.5467625899280576,-0.034104477519071384,278,-0.00036022940608048667,0.0007150815021732537,0.5179856115107914,-0.018202416829503753,0.004568911024969718,0.02877697841726623,-0.01590206068956763
SPY,5,5,ABOVE,93,0.0025428400105615323,0.0056610763583822,0.5591397849462365,-0.02263659943197359,93,0.002384102860561045,0.0036250488146900572,0.6236559139784946,-0.011490226441545145,0.00015873715000048723,-0.06451612903225812,-0.011146372990428444
SPY,5,5,BELOW,185,0.005046104697670182,0.0054438988071372485,0.5405405405405406,-0.039869410827720546,185,0.0010651524217330105,-0.0010042272937715868,0.4864864864864865,-0.02983143740904947,0.003980952275937172,0.05405405405405406,-0.010037973418671076
SPY,5,10,ALL,278,0.0073313813575617585,0.015629304650976894,0.6079136690647482,-0.045998578288061816,278,0.00479243859394552,0.00888366376217875,0.6690647482014388,-0.02231328907827011,0.0025389427636162386,-0.0611510791366906,-0.023685289209791707
SPY,5,10,ABOVE,93,0.008311195458002744,0.014751747986815333,0.6236559139784946,-0.030364922153479385,93,0.002375018673927238,0.006115615202040292,0.6559139784946236,-0.02048333717049855,0.0059361767840755055,-0.032258064516129004,-0.009881584982980834
SPY,5,10,BELOW,185,0.006838826161123857,0.01775756513074378,0.6,-0.053857659480041085,185,0.004012321808170512,0.008480720106448958,0.572972972972973,-0.03907851980255338,0.002826504352953345,0.027027027027026973,-0.014779139677487708
SPY,5,20,ALL,278,0.0120827700837833,0.01877942260075416,0.6258992805755396,-0.06158819720326622,278,0.01164491692908347,0.01153736352268564,0.6906474820143885,-0.031484183578760275,0.00043785315469982954,-0.06474820143884896,-0.030104013624505946
SPY,5,20,ABOVE,93,0.01076086450599598,0.02060057438381646,0.6881720430107527,-0.04285633288399586,93,0.011016931829366035,0.016111631715322927,0.6989247311827957,-0.021882689587807515,-0.00025606732337005514,-0.010752688172043001,-0.020973643296188345
SPY,5,20,BELOW,185,0.012747295590454762,0.016440680177822964,0.5945945945945946,-0.07100475602322376,185,0.015502236501914518,0.026567877879840607,0.654054054054054,-0.049607639694639084,-0.0027549409114597558,-0.05945945945945941,-0.021397116328584674
SPY,5,60,ALL,277,0.03741169418643853,0.048517226722836426,0.6642599277978339,-0.08878923206393038,277,0.021930352445686672,0.027841800907733916,0.6678700361010831,-0.05428235954511469,0.015481341740751855,-0.0036101083032491488,-0.03450687251881569
SPY,5,60,ABOVE,92,0.0327716942195433,0.041588834127057606,0.717391304347826,-0.0609740741813089,92,0.023671988263573803,0.025631819108104525,0.6956521739130435,-0.04170160239721674,0.009099705955969494,0.021739130434782594,-0.01927247178409216
SPY,5,60,BELOW,185,0.039719153629435074,0.05100520683683141,0.6378378378378379,-0.10262163490285567,185,0.019545544270975056,0.05436944232681684,0.654054054054054,-0.09389556559136701,0.020173609358460017,-0.01621621621621616,-0.008726069311488657
SPY,10,1,ALL,545,0.0013300755440359877,0.0005679681922408086,0.5247706422018349,-0.011234562363274974,545,7.525330329702908e-06,0.0006629802955882003,0.5394495412844037,-0.005892079248495934,0.001322550213706285,-0.014678899082568808,-0.005342483114779041
SPY,10,1,ABOVE,240,0.00034327873020695656,0.0013197487490210769,0.5708333333333333,-0.007252658329815268,240,0.0007798990907188052,0.0009541803802591842,0.6166666666666667,-0.0045440503555926135,-0.00043662036051184865,-0.04583333333333339,-0.002708607974222655
SPY,10,1,BELOW,305,0.002106571397540799,-0.00017907144568052313,0.4885245901639344,-0.014367863897800644,305,-0.0004807946599406588,-0.00010248674302681948,0.4885245901639344,-0.011544009463200328,0.0025873660574814578,0.0,-0.0028238544346003164
SPY,10,3,ALL,545,0.003387865654096241,0.0035434810029637553,0.5761467889908257,-0.02033301916589768,545,0.000597269980052451,0.0017741314398143082,0.5559633027522936,-0.012568640929792266,0.0027905956740437903,0.020183486238532167,-0.007764378236105412
SPY,10,3,ABOVE,240,0.001267831843121999,0.0028107952220136623,0.5791666666666667,-0.01393880561847906,240,0.0016502558649633806,0.002485932502268029,0.5875,-0.009527997006951927,-0.0003824240218413817,-0.008333333333333304,-0.004410808611527133
SPY,10,3,BELOW,305,0.005056088980764497,0.004517364731872142,0.5737704918032787,-0.02536453146550577,305,0.0011740299858463597,0.003928988189778826,0.5540983606557377,-0.021416164961345845,0.0038820589949181373,0.01967213114754096,-0.003948366504159924
SPY,10,5,ALL,544,0.0040714093726694186,0.005834416315995017,0.5735294117647058,-0.027293366305850168,544,0.0016501244343852675,0.0034715026949400096,0.5845588235294118,-0.01531360224060043,0.002421284938284151,-0.011029411764705954,-0.011979764065249738
SPY,10,5,ABOVE,240,0.00315090410277893,0.004550812176789876,0.5833333333333334,-0.01847660287909626,240,0.0015461952089945482,0.004127770032204436,0.6,-0.013521336542836375,0.0016047088937843816,-0.016666666666666607,-0.004955266336259884
SPY,10,5,BELOW,304,0.004798124059425067,0.006447841131952292,0.5657894736842105,-0.0342539690111822,304,0.0012832703281593185,0.0032053849048784278,0.5197368421052632,-0.027535367697572966,0.0035148537312657486,0.046052631578947345,-0.006718601313609237
SPY,10,10,ALL,542,0.008159838531497432,0.014454847641850788,0.6328413284132841,-0.036758954386473607,542,0.0008003072641995445,0.005138139736146297,0.5885608856088561,-0.02478378517365134,0.007359531267297888,0.044280442804428,-0.011975169212822268
SPY,10,10,ABOVE,238,0.007809485962103006,0.013355316486538982,0.634453781512605,-0.02470453049282002,238,0.004746121318797838,0.005764264598020152,0.6218487394957983,-0.017728904699482236,0.0030633646433051685,0.012605042016806678,-0.0069756257933377835
SPY,10,10,BELOW,304,0.008434127714115435,0.015800497306382777,0.631578947368421,-0.04619629940847872,304,0.0010564556215496275,0.010583159178583323,0.5756578947368421,-0.042052305342107965,0.0073776720925658075,0.05592105263157887,-0.004143994066370754
SPY,10,20,ALL,541,0.013079461955126026,0.019601760237556887,0.6395563770794824,-0.04925386679657836,541,0.006079090615306472,0.010832513763835427,0.6136783733826248,-0.03403303662676537,0.007000371339819554,0.025878003696857665,-0.015220830169812988
SPY,10,20,ABOVE,237,0.01217357926657379,0.01812056229117731,0.6877637130801688,-0.03407240180597748,237,0.0038517966108446633,0.010395035000290376,0.6244725738396625,-0.029520696441677458,0.008321782655729127,0.06329113924050633,-0.004551705364300024
SPY,10,20,BELOW,304,0.013785692866924975,0.020964530037419715,0.6019736842105263,-0.06108941680569811,304,0.006366412965399987,0.01648501157543425,0.5756578947368421,-0.05748741592049805,0.007419279901524988,0.02631578947368418,-0.00360200088520006
SPY,10,60,ALL,538,0.03401994870240269,0.0471833687491785,0.6970260223048327,-0.07736945074085123,538,0.021936573187666238,0.0333963904881629,0.7230483271375465,-0.05571248908448433,0.012083375514736455,-0.02602230483271384,-0.0216569616563669
SPY,10,60,ABOVE,234,0.03671497981916444,0.045475503216638735,0.7692307692307693,-0.05276946631006865,234,0.02281334853328462,0.02895846197630847,0.717948717948718,-0.04578062037177748,0.013901631285879821,0.05128205128205132,-0.006988845938291174
SPY,10,60,BELOW,304,0.03194548396121109,0.049219073502774324,0.6414473684210527,-0.09630496507244048,304,0.015339681559045427,0.037448760499094624,0.6381578947368421,-0.097437390974782,0.016605802402165658,0.003289473684210509,0.0011324259023415273
SSE,1,1,ALL,54,0.014045421976905736,0.013855423625628083,0.7962962962962963,-0.02183173719532415,54,0.0020445088910723314,0.003383717589917623,0.6111111111111112,-0.007233897541617014,0.012000913085833405,0.18518518518518512,-0.014597839653707135
SSE,1,1,ABOVE,26,0.01325424658796086,0.014732376787404688,0.8461538461538461,-0.026261636995763706,26,-0.0009567748017887914,0.00023556431827004287,0.5,-0.007612342353345898,0.014211021389749652,0.34615384615384615,-0.018649294642417807
SSE,1,1,BELOW,28,0.014780084838068835,0.010058445976083519,0.75,-0.017718258809201717,28,-0.004715750861011396,-0.005391541107177045,0.35714285714285715,-0.010262703263323656,0.01949583569908023,0.39285714285714285,-0.007455555545878061
SSE,1,3,ALL,54,0.00955722779538987,0.0005918278621588335,0.5185185185185185,-0.033807638301017434,54,-0.0017991775299966057,-0.0032410760221766033,0.4444444444444444,-0.017333140740339346,0.011356405325386476,0.07407407407407407,-0.01647449756067809
SSE,1,3,ABOVE,26,0.010943814118464667,0.017921634378065376,0.5769230769230769,-0.03935454232845736,26,0.0006802240805867665,-0.002336402467375376,0.46153846153846156,-0.015267530273970521,0.0102635900378779,0.11538461538461531,-0.024087012054486837
SSE,1,3,BELOW,28,0.008269683352534704,-0.0030977440781373433,0.4642857142857143,-0.028656941704108936,28,-0.004213178436880437,-0.004310283918617985,0.4642857142857143,-0.018454977181420952,0.012482861789415142,0.0,-0.010201964522687984
SSE,1,5,ALL,54,0.00511368677761796,0.015422310880206291,0.5370370370370371,-0.049959924369704076,54,0.002578392062860572,0.0017287181327498846,0.5555555555555556,-0.023488994732994373,0.002535294714757388,-0.01851851851851849,-0.026470929636709703
SSE,1,5,ABOVE,26,0.002117861096531354,0.011223793123983694,0.5384615384615384,-0.05814675372548098,26,0.011758038706065881,0.00826908729386544,0.6153846153846154,-0.01776272037537701,-0.009640177609534527,-0.07692307692307698,-0.04038403335010397
SSE,1,5,BELOW,28,0.007895524910055522,0.022049395267181304,0.5357142857142857,-0.04235786853933981,28,-0.005071372708676224,-9.81581099744333e-05,0.5,-0.024993192595871933,0.012966897618731744,0.0357142857142857,-0.017364675943467876
SSE,1,10,ALL,54,0.013382688654284403,0.011850704950654767,0.6296296296296297,-0.06171233657942389,54,0.005926317779473992,0.0054654166332016585,0.5555555555555556,-0.03743067496712024,0.007456370874810411,0.07407407407407407,-0.02428166161230365
SSE,1,10,ABOVE,26,0.014158609809822385,0.006036372128785827,0.5384615384615384,-0.07016062049213603,26,0.01084039495384014,0.017002118905172448,0.6923076923076923,-0.02875790540894593,0.003318214855982245,-0.15384615384615385,-0.0414027150831901
SSE,1,10,BELOW,28,0.012662190438427704,0.01331155107427029,0.7142857142857143,-0.053867501517619765,28,-0.002560230549360304,-0.008129733047906207,0.4642857142857143,-0.03137095536116926,0.015222420987788008,0.25,-0.022496546156450505
SSE,1,20,ALL,54,-0.001089518804081636,0.02098940739553412,0.5555555555555556,-0.08352291148373041,54,-0.01293404331630216,-0.011732666764024291,0.4444444444444444,-0.05921778036049504,0.011844524512220525,0.11111111111111116,-0.024305131123235367
SSE,1,20,ABOVE,26,-0.0029793606321271747,-0.014839235071658574,0.46153846153846156,-0.09012623185871754,26,-0.0060876881911056495,-0.002842989702539378,0.5,-0.050483489962951225,0.0031083275589784748,-0.038461538461538436,-0.03964274189576632
SSE,1,20,BELOW,28,0.0006653343219606502,0.033087523995302126,0.6428571428571429,-0.07739125684981384,28,-0.017278869087243746,-0.02083609431866107,0.39285714285714285,-0.049975126415454464,0.017944203409204395,0.25000000000000006,-0.027416130434359372
SSE,1,60,ALL,54,0.0025118205680984673,-0.012032651947279038,0.4444444444444444,-0.1473654246129343,54,0.014286528788388748,-0.010880375826885558,0.4444444444444444,-0.08836103568922866,-0.01177470822029028,0.0,-0.059004388923705645
SSE,1,60,ABOVE,26,0.04692880413996536,-0.006385834332935825,0.46153846153846156,-0.1431818018348099,26,0.03485444679754406,0.023074271313184513,0.5384615384615384,-0.06963319745003,0.0120743573424213,-0.07692307692307687,-0.07354860438477992
SSE,1,60,BELOW,28,-0.03873252132006365,-0.03041378341536266,0.42857142857142855,-0.15125021719262127,28,-0.02027911494984075,-0.02177817761080303,0.35714285714285715,-0.09137321714516933,-0.0184534063702229,0.0714285714285714,-0.059877000047451945
SSE,5,1,ALL,263,0.004906175864796889,0.005688846079110466,0.6159695817490495,-0.01659598015598304,263,0.0006134458890752542,0.0006672374597738173,0.5171102661596958,-0.008286613416461948,0.004292729975721635,0.09885931558935368,-0.00830936673952109
SSE,5,1,ABOVE,116,0.004641221722157628,0.007610931918984543,0.6120689655172413,-0.018362601232430376,116,0.0003666941300080788,8.936187142583041e-05,0.5086206896551724,-0.008047051462203147,0.004274527592149549,0.10344827586206895,-0.01031554977022723
SSE,5,1,BELOW,147,0.005115255324294538,0.004439560288716615,0.6190476190476191,-0.01520191182354841,147,0.00268422588303031,0.0017923346161052844,0.5986394557823129,-0.007321419299125875,0.002431029441264228,0.020408163265306145,-0.007880492524422536
SSE,5,3,ALL,262,0.0036562416995330723,0.0019256805105097863,0.5267175572519084,-0.030129707827855682,262,0.0008457687613151949,0.0028425638108398044,0.5610687022900763,-0.016600249080764656,0.002810472938217877,-0.03435114503816794,-0.013529458747091026
SSE,5,3,ABOVE,116,0.0038318008546560597,0.004113541770149665,0.5344827586206896,-0.03281350829654551,116,0.0038846795304825726,0.0027857067876347896,0.5775862068965517,-0.014817088624506102,-5.2878675826512934e-05,-0.0431034482758621,-0.017996419672039406
SSE,5,3,BELOW,146,0.0035167563434079585,0.0014473079326502436,0.5205479452054794,-0.027997373208896635,146,-0.0009505802805341743,0.00040282371901423364,0.5273972602739726,-0.01873183122333566,0.004467336623942133,-0.006849315068493178,-0.009265541985560975
SSE,5,5,ALL,262,0.0033368564567191885,0.006301729975626946,0.5305343511450382,-0.04038433370244038,262,0.002776081266516549,0.0023855340376366385,0.5381679389312977,-0.020815026539038415,0.0005607751902026396,-0.007633587786259444,-0.019569307163401963
SSE,5,5,ABOVE,116,0.0034333032938937635,0.010825752745850292,0.5689655172413793,-0.04440049250882796,116,0.002270808653402404,0.0014926293711061689,0.5344827586206896,-0.02013552965477664,0.0011624946404913596,0.034482758620689724,-0.02426496285405132
SSE,5,5,BELOW,146,0.003260227462799663,0.0002520184634235978,0.5,-0.037193413006954355,146,0.0008796325827899473,0.0011163440741673858,0.5136986301369864,-0.023346489708532838,0.0023805948800097155,-0.013698630136986356,-0.013846923298421517
SSE,5,10,ALL,262,0.002903345186066604,0.007730631305460811,0.5648854961832062,-0.05653425567323946,262,-0.00023416363713964143,0.0009622656724939116,0.5190839694656488,-0.03522238454705162,0.003137508823206245,0.04580152671755733,-0.02131187112618784
SSE,5,10,ABOVE,116,0.013982034793860188,0.01807676751684495,0.6293103448275862,-0.056671142594347475,116,0.007517430545267496,0.009654904725957425,0.6120689655172413,-0.029387785202612957,0.006464604248592692,0.017241379310344862,-0.027283357391734517
SSE,5,10,BELOW,146,-0.005898901351632408,0.0005995440903451277,0.5136986301369864,-0.05642549620167419,146,0.0008385845542676309,0.0038406320888803025,0.5342465753424658,-0.030886674242535966,-0.006737485905900039,-0.020547945205479423,-0.025538821959138223
SSE,5,20,ALL,262,0.0034842223981354933,0.004797843094495158,0.549618320610687,-0.07556991736901765,262,0.01041522834472557,0.007950834722762368,0.5305343511450382,-0.04774920915509672,-0.006931005946590076,0.01908396946564883,-0.02782070821392093
SSE,5,20,ABOVE,116,0.019841205546908467,0.019305725608639523,0.6120689655172413,-0.06923201858996529,116,0.019128951847971587,0.01557205713321519,0.6206896551724138,-0.03678556127310568,0.0007122536989368801,-0.008620689655172487,-0.03244645731685961
SSE,5,20,BELOW,146,-0.009511736815958103,7.0283849660846e-05,0.5,-0.08060550817977159,146,0.004594051950246034,0.006661078062590531,0.541095890410959,-0.04699244641600594,-0.014105788766204136,-0.04109589041095896,-0.033613061763765655
SSE,5,60,ALL,261,0.0070925240093560335,-0.0008304056418209083,0.49808429118773945,-0.12410988647790137,261,0.010453320824246552,-0.010463800121827682,0.47126436781609193,-0.087758336214047,-0.003360796814890518,0.026819923371647514,-0.03635155026385438
SSE,5,60,ABOVE,115,0.050080562050618546,0.012687854460403436,0.5391304347826087,-0.11258774854773593,115,0.05928836224880911,0.027538856133371814,0.6086956521739131,-0.06258146579476422,-0.009207800198190563,-0.06956521739130439,-0.05000628275297171
SSE,5,60,BELOW,146,-0.02676791691355622,-0.014380406714576022,0.4657534246575342,-0.1331855430667303,146,0.006672077209117672,0.02870346810592539,0.5684931506849316,-0.0855009377982102,-0.03343999412267389,-0.10273972602739734,-0.0476846052685201
SSE,10,1,ALL,512,0.0034547129126204197,0.003979183736270375,0.619140625,-0.01295440372533153,512,0.00038578057798519037,0.0017342575876071464,0.5703125,-0.008886255168718427,0.003068932334635229,0.048828125,-0.004068148556613103
SSE,10,1,ABOVE,207,0.00363016974447878,0.005688846079110466,0.6280193236714976,-0.0144290849380744,207,0.0006251342763324841,0.00039698157445910986,0.5265700483091788,-0.008254578587913466,0.003005035468146296,0.10144927536231885,-0.006174506350160933
SSE,10,1,BELOW,305,0.003335632374277205,0.003036784201037479,0.6131147540983607,-0.011953554508814239,305,0.0006570349281272711,0.00039457073346560456,0.521311475409836,-0.008090539041662745,0.002678597446149934,0.09180327868852467,-0.0038630154671514937
SSE,10,3,ALL,511,0.004004232497442695,0.0030571591827628364,0.5362035225048923,-0.023941337677238033,511,0.001588911982712143,0.0020951217631957064,0.538160469667319,-0.01734873021443304,0.002415320514730552,-0.00195694716242667,-0.006592607462804993
SSE,10,3,ABOVE,207,0.005763911850434873,0.00791585815341489,0.5748792270531401,-0.025749436085455508,207,0.0011472725315246773,0.0036068323634674826,0.5942028985507246,-0.01744250386836451,0.004616639318910196,-0.019323671497584516,-0.008306932217090997
SSE,10,3,BELOW,304,0.002806029780109205,0.0006034607225015032,0.5098684210526315,-0.022710165405853116,304,0.0001995950718735533,0.0009550678350238595,0.5263157894736842,-0.017707817661160665,0.0026064347082356515,-0.016447368421052655,-0.005002347744692451
SSE,10,5,ALL,511,0.004663718962513654,0.004565269888749501,0.5538160469667319,-0.03216166768862432,511,-0.0009475352593747584,2.3092961032533665e-05,0.5009784735812133,-0.02526060483133539,0.005611254221888412,0.052837573385518644,-0.006901062857288934
SSE,10,5,ABOVE,207,0.006296302862705855,0.008520922253325347,0.6086956521739131,-0.035088105547974,207,0.005563666342308332,0.005816401486126832,0.5845410628019324,-0.020193444758264407,0.0007326365203975229,0.024154589371980673,-0.014894660789709593
SSE,10,5,BELOW,304,0.0035520582146854104,0.0018653466904848814,0.5164473684210527,-0.030168994540975044,304,-0.00015057457906085536,0.004216739361827981,0.5427631578947368,-0.024496760836004855,0.0037026327937462657,-0.02631578947368418,-0.005672233704970189
SSE,10,10,ALL,511,0.006024274222417532,0.008227541853080833,0.5772994129158513,-0.044992370380469646,511,0.004609999537185029,0.005090908354300261,0.5499021526418787,-0.031195491904079536,0.0014142746852325028,0.0273972602739726,-0.01379687847639011
SSE,10,10,ABOVE,207,0.015897984250914793,0.02025621404856892,0.6570048309178744,-0.04469128686864364,207,0.00955055593599193,0.009235590745822142,0.6570048309178744,-0.025838519658071976,0.0063474283149228625,0.0,-0.018852767210571664
SSE,10,10,BELOW,304,-0.0006989428035658008,0.002906892036102837,0.5230263157894737,-0.04519738448227222,304,0.00282492046947927,0.0024440461338766095,0.5263157894736842,-0.03412006506042348,-0.003523863273045071,-0.003289473684210509,-0.011077319421848746
SSE,10,20,ALL,511,0.004713177756984275,0.004459802542380542,0.5420743639921722,-0.06271714405028579,511,0.0026297090364122227,0.0027053936790506494,0.5185909980430529,-0.04982713150981337,0.0020834687205720528,0.023483365949119372,-0.012890012540472423
SSE,10,20,ABOVE,207,0.01924096735414476,0.017730721202859012,0.6038647342995169,-0.05888444724366539,207,0.004166913135703512,-0.0025509136680726963,0.4830917874396135,-0.047218403355128426,0.015074054218441248,0.12077294685990342,-0.011666043888536967
SSE,10,20,BELOW,304,-0.005179100027924344,-0.00012152472249055135,0.5,-0.06532690799426744,304,0.0035636161663047364,0.002457302102999437,0.5230263157894737,-0.04577390378663764,-0.00874271619422908,-0.023026315789473673,-0.019553004207629794
SSE,10,60,ALL,510,0.016503826619540102,0.0025959263669770305,0.5098039215686274,-0.10568945289450818,510,0.03286354248485038,0.003491175730543916,0.5137254901960784,-0.07315538474750174,-0.016359715865310275,-0.0039215686274509665,-0.032534068147006434
SSE,10,60,ABOVE,206,0.05855071500751963,0.012768359553029462,0.5388349514563107,-0.0941997391509882,206,0.059174912370986876,0.026541830302935998,0.5970873786407767,-0.06496924000535499,-0.0006241973634672493,-0.058252427184465994,-0.029230499145633207
SSE,10,60,BELOW,304,-0.011988472748630241,-0.008261332271948807,0.4901315789473684,-0.11347524576018292,304,-0.0006391845117177255,2.8967297313275964e-05,0.5,-0.08387961385345237,-0.011349288236912516,-0.009868421052631582,-0.02959563190673055
